category,vendors,summary
Electronics_5,OR,"Most users are generally satisfied with the vendor and their prices, appreciating the functionality and durability of their products. However, some issues have been noted, including difficulty fitting items into cases and occasional discomfort with specific features. Despite these concerns, many users find the vendor's offerings effective and worth the cost, with positive feedback on adjustability and overall performance."
Electronics_5,MX,"Most users are generally satisfied with the vendor and their prices, appreciating the quality and performance of their products. However, some issues have been noted, including minor defects in the case such as paint blemishes, a bent section, and a non-working LED light. Additionally, the remote control for the receiver can be confusing to use. Despite these concerns, users find the products effective and valuable, with good sound clarity, easy setup, and overall satisfactory performance."
Electronics_5,PH,"Most users are generally pleased with the vendor and their pricing, finding the product a solid value for its cost. However, some issues have been noted, including misleading packaging information, potential durability concerns with the plastic, and underwhelming sound quality. The headphones are lightweight and comfortable, with good connectivity and battery life, but the performance, especially in terms of bass and microphone quality, falls short of expectations. Despite these drawbacks, many users consider it a worthwhile purchase, especially if found at a lower price point."
Electronics_5,KR,"Many customers are generally satisfied with the vendor and their pricing, valuing the ease of use and effective performance of the products. However, some have encountered issues with durability and quality. Despite these concerns, the vendor’s offerings are often considered a good value for the price, providing reliable performance for various needs."
Electronics_5,LA,"Overall, customers generally find the vendor and their products satisfactory, particularly appreciating good sound quality and durability. However, some issues have been reported, including compatibility problems with certain systems and less impressive performance for some items, like speakers."
Electronics_5,KK,"Customers generally appreciate the vendor for providing products that work well with various systems and setups, such as MacBook Pros and iPad Pros, and value the ease of installation and clear instructions. However, some issues have been noted, including problems with functionality over time, such as the product stopping working within a year and issues with blinking lights when used with a USB hub. Despite these concerns, many find the products useful and effective when functioning correctly."
Electronics_5,NG,"Customers generally find the vendor's products to be useful and affordable, appreciating their utility and value. However, some issues have been reported, such as discrepancies between product descriptions and actual items, like mismatched screen labels and incompatible ports. Additionally, concerns have been raised about the durability of cases, with some feeling they are too thin and provide insufficient protection. Despite these drawbacks, many still consider the products to be a good buy, especially for their price."
Electronics_5,OP,"Customers generally find the vendor's products to be practical and well-priced, with many appreciating the solid construction and effectiveness of the items. However, some issues have been reported, including limited loudness for certain audio systems, excess ports that may not be needed, and less-than-ideal battery life for some devices. Despite these drawbacks, the products are often praised for their value and functionality, making them a good choice for various needs."
Electronics_5,SA,"Customers generally find the vendor's products to be effective and well-designed, with good quality and functionality. However, some issues have been noted, such as the bulkiness of certain items, difficulty in fitting or securing components, and cases that may not provide an ideal fit. Despite these concerns, many appreciate the overall value and potential of the products, considering them a solid choice for their intended use."
Electronics_5,PS,"The vendor's products are appreciated for their quality and effectiveness, with positive feedback on performance and reliability. However, some issues have been encountered, including problems with USB ports, difficulty in securing certain components, and the absence of desired features like screen protectors. Despite these concerns, many value the products for their performance, ease of installation, and overall utility."
Electronics_5,UG,"The vendor’s products are well-regarded for their quality and effectiveness, with users appreciating the ease of use and performance. Many find the products reliable and suitable for their needs, whether for electronics accessories, speakers, or camera equipment. However, some users mention minor issues, such as needing specific installation steps or occasional replacements. Despite these concerns, the overall feedback is positive, highlighting good value and functionality."
Electronics_5,ABJ,"The vendor is highly praised for delivering products that excel in performance and value. Customers appreciate the impressive quality and effectiveness, noting that the items often meet specific needs exceptionally well. Despite occasional minor challenges, such as installation or learning curves, the vendor’s products consistently provide reliable results and excellent value."
Electronics_5,QW,"The vendor is recognized for providing well-designed and functional products that generally meet user needs effectively. Customers appreciate the quality materials, sturdy construction, and thoughtful design features that enhance usability. While there may be occasional minor issues or design tweaks desired, the overall feedback highlights the vendor’s commitment to delivering reliable and satisfactory solutions."
Electronics_5,ZA,"Many users have expressed dissatisfaction with the vendor's pricing practices. The general sentiment is that the prices listed were higher than expected, and there were instances where the value did not align with the cost. Several customers felt that they were not getting their money's worth, which detracted from the overall experience with the vendor. This inconsistency between price and perceived value has been a common point of criticism among users."
Electronics_5,EG,"The vendor has faced some criticism for certain aspects of their products. Specifically, issues have arisen with customer dissatisfaction related to the performance of some items, which has led to returns and refunds. Additionally, there are concerns about the overall design and functionality, particularly with some components not meeting expectations or not fitting well with other equipment. Despite a generally positive reception, these recurring issues have impacted the vendor's reputation and led to mixed feedback from customers."
Electronics_5,SK,"The vendor has encountered issues with product reliability. Customers have reported that some items, while initially promising, have failed to meet expectations over time. Specific concerns include problems with charging functionality and dissatisfaction with sound quality. Additionally, some products have been criticized for their stiffness or other usability issues. These factors have led to a less favorable experience for some users, impacting overall satisfaction with the vendor's offerings."
Electronics_5,TA,"The vendor's product seemed promising at first, but unfortunately, it failed to deliver a stable and reliable experience. Users have reported difficulties with maintaining a stable connection, even when the router itself was functioning correctly. Despite initial expectations of high-speed performance, the product couldn't achieve the advertised speeds and consistently dropped connections, causing frustration. These issues ultimately led to the decision to return the product, highlighting concerns about its reliability and compatibility."
Electronics_5,CG,"The vendor consistently delivers high-quality products at competitive prices. Their offerings are reliable, from solid software that works seamlessly to durable accessories like DSLR cases and robust cables. The vendor’s commitment to customer satisfaction is evident in the thoughtful design and ease of use of their products. Their wireless adapter, for instance, showcases their dedication to providing powerful and effective tools. With a strong focus on quality and customer needs, this vendor proves to be a trustworthy choice for anyone seeking reliable tech solutions."
Electronics_5,AD,"This vendor prioritizes convenience, simplicity, and value, making their products an excellent choice for those looking for reliable and easy-to-use solutions."
Electronics_5,LAG,"The vendor provides dependable products that meet customer needs, particularly when it comes to convenience and value for money."
